id,close,datetime,high,low,name,open,volume
0,21052.52930,2020-04-03,21447.81055,20863.08984,DJI,21285.92969,450010000
1,21413.43945,2020-04-02,21477.76953,20735.01953,DJI,20819.46094,529540000
2,20943.50977,2020-04-01,21487.24023,20784.42969,DJI,21227.38086,506680000
3,21917.16016,2020-03-31,22480.36914,21852.08008,DJI,22208.41992,571210000
4,22327.48047,2020-03-30,22378.08984,21522.08008,DJI,21678.22070,545540000
5,21636.77930,2020-03-27,22327.57031,21469.26953,DJI,21898.47070,588830000
6,22552.16992,2020-03-26,22595.06055,21427.09961,DJI,21468.38086,705180000
7,21200.55078,2020-03-25,22019.92969,20538.33984,DJI,21050.33984,796320000
8,20704.91016,2020-03-24,20737.69922,19649.25000,DJI,19722.18945,799340000
9,18591.92969,2020-03-23,19121.00977,18213.65039,DJI,19028.35938,787970000
10,19173.98047,2020-03-20,20531.25977,19094.26953,DJI,20253.15039,872290000
11,20087.18945,2020-03-19,20442.63086,19177.13086,DJI,19830.00977,780300000
12,19898.91992,2020-03-18,20489.33008,18917.46094,DJI,20188.68945,871360000
13,21237.38086,2020-03-17,21379.34961,19882.25977,DJI,20487.05078,793060000
14,20188.51953,2020-03-16,21768.27930,20116.46094,DJI,20917.52930,770130000
15,23185.61914,2020-03-13,23189.75977,21285.36914,DJI,21973.82031,843080000
16,21200.61914,2020-03-12,22837.94922,21154.46094,DJI,22184.71094,908260000
17,23553.22070,2020-03-11,24604.63086,23328.32031,DJI,24604.63086,663960000
18,25018.16016,2020-03-10,25020.99023,23690.33984,DJI,24453.00000,654860000
19,23851.01953,2020-03-09,24992.35938,23706.07031,DJI,24992.35938,750430000
20,25864.77930,2020-03-06,25994.38086,25226.61914,DJI,25457.21094,599780000
21,26121.27930,2020-03-05,26671.91992,25943.33008,DJI,26671.91992,477370000
22,27090.85938,2020-03-04,27102.33984,26286.31055,DJI,26383.67969,457590000
23,25917.41016,2020-03-03,27084.58984,25706.27930,DJI,26762.47070,647080000
24,26703.32031,2020-03-02,26706.16992,25391.96094,DJI,25590.50977,637200000
25,25409.35938,2020-02-28,25494.24023,24681.00977,DJI,25270.83008,915990000
26,25766.64062,2020-02-27,26775.31055,25752.82031,DJI,26526.00000,664980000
27,26957.58984,2020-02-26,27542.77930,26890.97070,DJI,27159.46094,472450000
28,27081.35938,2020-02-25,28149.19922,26997.61914,DJI,28037.65039,513270000
29,27960.80078,2020-02-24,28402.92969,27912.43945,DJI,28402.92969,452580000
30,28992.41016,2020-02-21,29146.52930,28892.69922,DJI,29146.52930,311210000
31,29219.98047,2020-02-20,29368.44922,28959.65039,DJI,29296.25000,287780000
32,29348.02930,2020-02-19,29409.08984,29274.38086,DJI,29312.69922,240640000
33,29232.18945,2020-02-18,29330.16016,29116.81055,DJI,29282.77930,256600000
34,29398.08008,2020-02-14,29463.03906,29283.17969,DJI,29440.47070,231000000
35,29423.31055,2020-02-13,29535.40039,29345.92969,DJI,29436.02930,291150000
36,29551.41992,2020-02-12,29568.57031,29406.75000,DJI,29406.75000,309530000
37,29276.33984,2020-02-11,29415.39062,29210.47070,DJI,29390.71094,279540000
38,29276.82031,2020-02-10,29278.07031,28995.66016,DJI,28995.66016,250510000
39,29102.50977,2020-02-07,29286.91992,29056.98047,DJI,29286.91992,252860000
40,29379.76953,2020-02-06,29408.05078,29246.92969,DJI,29388.58008,263700000
41,29290.84961,2020-02-05,29308.89062,29000.84961,DJI,29048.73047,357540000
42,28807.63086,2020-02-04,28904.88086,28696.74023,DJI,28696.74023,332750000
43,28399.81055,2020-02-03,28630.39062,28319.65039,DJI,28319.65039,307910000
44,28256.02930,2020-01-31,28813.03906,28169.52930,DJI,28813.03906,403890000
45,28859.43945,2020-01-30,28879.71094,28489.75977,DJI,28640.16016,326850000
46,28734.44922,2020-01-29,28944.24023,28728.18945,DJI,28820.52930,302290000
47,28722.84961,2020-01-28,28823.23047,28575.75000,DJI,28594.27930,330140000
48,28535.80078,2020-01-27,28671.78906,28440.47070,DJI,28542.49023,337270000
49,28989.73047,2020-01-24,29288.78906,28843.31055,DJI,29230.39062,380010000
50,29160.08984,2020-01-23,29190.47070,28966.98047,DJI,29111.01953,307060000
51,29186.26953,2020-01-22,29320.19922,29172.25977,DJI,29263.63086,283440000
52,29196.03906,2020-01-21,29341.21094,29146.47070,DJI,29269.05078,320640000
53,29348.09961,2020-01-17,29373.61914,29289.91016,DJI,29313.31055,321820000
54,29297.64062,2020-01-16,29300.32031,29131.94922,DJI,29131.94922,252110000
55,29030.22070,2020-01-15,29127.58984,28897.34961,DJI,28901.80078,260270000
56,28939.66992,2020-01-14,29054.16016,28872.26953,DJI,28895.50000,287440000
57,28907.05078,2020-01-13,28909.91016,28819.42969,DJI,28869.00977,249830000
58,28823.76953,2020-01-10,29009.07031,28789.09961,DJI,28977.51953,237830000
59,28956.90039,2020-01-09,28988.00977,28844.31055,DJI,28851.97070,275060000
60,28745.08984,2020-01-08,28866.17969,28522.50977,DJI,28556.14062,291750000
61,28583.67969,2020-01-07,28685.50000,28565.27930,DJI,28639.17969,258900000
62,28703.38086,2020-01-06,28708.01953,28418.63086,DJI,28465.50000,252760000
63,28634.88086,2020-01-03,28716.31055,28500.35938,DJI,28553.33008,239590000
64,28868.80078,2020-01-02,28872.80078,28627.76953,DJI,28638.97070,251820000
65,6788.08008,2020-04-05,6889.60986,6694.79980,BTC,6889.60986,
66,6856.83008,2020-04-04,6982.85010,6658.18994,BTC,6722.45996,
67,6728.99023,2020-04-03,7033.10986,6615.97998,BTC,6792.41992,
68,6806.35010,2020-04-02,7154.56982,6569.14014,BTC,6699.58008,
69,6639.93994,2020-04-01,6669.81006,6153.66992,BTC,6423.12988,
70,6410.77002,2020-03-31,6515.29980,6341.29004,BTC,6384.00000,
71,6394.43018,2020-03-30,6560.00000,5865.97998,BTC,5892.29004,
72,5882.18994,2020-03-29,6261.04004,5877.54004,BTC,6242.02979,
73,6245.29004,2020-03-28,6322.70020,6051.35010,BTC,6297.52002,
74,6363.50000,2020-03-27,6831.70996,6323.60986,BTC,6745.43018,
75,6737.37012,2020-03-26,6775.72021,6534.70996,BTC,6687.50000,
76,6679.68018,2020-03-25,6938.49023,6470.08984,BTC,6734.00977,
77,6747.72021,2020-03-24,6827.66992,6388.20996,BTC,6466.58984,
78,6482.14014,2020-03-23,6566.20020,5694.91016,BTC,5803.37988,
79,5817.85986,2020-03-22,6403.95996,5747.93018,BTC,6179.06006,
80,6190.00000,2020-03-21,6443.54980,5890.50000,BTC,6213.31006,
81,6208.43018,2020-03-20,6898.02979,5757.02002,BTC,6165.56006,
82,6168.45020,2020-03-19,6389.08008,5264.75977,BTC,5406.39014,
83,5395.85010,2020-03-18,5426.39990,5012.85010,BTC,5325.18994,
84,5331.58008,2020-03-17,5510.00977,4945.06982,BTC,5084.95996,
85,5024.35010,2020-03-16,5363.04980,4468.10986,BTC,5360.16992,
86,5364.49023,2020-03-15,5901.29004,5109.95996,BTC,5174.68018,
87,5177.10010,2020-03-14,5629.47021,5061.91016,BTC,5534.68994,
88,5580.83984,2020-03-13,5886.60986,3783.51001,BTC,4846.49023,
89,4858.37988,2020-03-12,7961.50977,4509.95020,BTC,7944.60010,
90,7932.81006,2020-03-11,7973.31006,7599.14990,BTC,7886.16016,
91,7886.43018,2020-03-10,8145.77002,7758.54980,BTC,7930.49023,
92,7934.89990,2020-03-09,8152.58984,7649.37012,BTC,8037.02979,
93,8029.56982,2020-03-08,8885.00000,8009.58984,BTC,8885.00000,
94,8885.91016,2020-03-07,9167.53027,8846.54980,BTC,9134.48047,
95,9133.59961,2020-03-06,9165.04980,8992.79980,BTC,9044.24023,
96,9059.99023,2020-03-05,9153.04004,8757.65039,BTC,8757.65039,
97,8753.29004,2020-03-04,8844.69043,8674.16992,BTC,8766.75000,
98,8760.36035,2020-03-03,8912.75977,8667.01953,BTC,8912.29980,
99,8911.44043,2020-03-02,8964.84961,8499.92969,BTC,8530.51953,
100,8542.33008,2020-03-01,8742.70996,8432.16992,BTC,8553.71973,
101,8524.08008,2020-02-29,8790.00000,8524.08008,BTC,8699.75000,
102,8690.83984,2020-02-28,8898.62012,8456.26953,BTC,8823.50000,
103,8818.00000,2020-02-27,8969.61035,8535.04004,BTC,8784.75977,
104,8790.11035,2020-02-26,9377.09961,8666.00000,BTC,9314.12988,
105,9320.00000,2020-02-25,9670.58984,9255.73047,BTC,9655.00000,
106,9659.00977,2020-02-24,9987.95020,9493.51953,BTC,9936.13965,
107,9944.21973,2020-02-23,9970.54980,9649.00000,BTC,9650.00000,
108,9651.75000,2020-02-22,9705.41992,9560.58984,BTC,9678.40039,
109,9677.70020,2020-02-21,9754.95996,9571.29004,BTC,9597.34961,
110,9604.23047,2020-02-20,9681.66016,9456.38965,BTC,9588.57031,
111,9595.63965,2020-02-19,10230.00000,9380.16992,BTC,10168.76953,
112,10156.12012,2020-02-18,10249.98047,9596.69043,BTC,9707.12012,
113,9697.94043,2020-02-17,9952.71973,9453.00000,BTC,9904.26953,
114,9925.92969,2020-02-16,10047.29004,9646.54004,BTC,9904.34961,
115,9906.28027,2020-02-15,10372.99023,9814.75000,BTC,10352.75000,
116,10344.49023,2020-02-14,10372.53027,10113.20020,BTC,10229.92969,
117,10240.38965,2020-02-13,10496.54980,10110.00000,BTC,10316.95020,
118,10324.24023,2020-02-12,10436.83984,10231.36035,BTC,10231.36035,
119,10225.00000,2020-02-11,10323.44043,9717.96973,BTC,9856.33008,
120,9852.57031,2020-02-10,10186.08008,9771.00000,BTC,10157.79980,
121,10153.83008,2020-02-09,10158.99023,9881.00000,BTC,9895.00000,
122,9898.11035,2020-02-08,9937.30957,9671.91992,BTC,9813.71973,
123,9819.59961,2020-02-07,9883.05957,9736.03027,BTC,9773.03027,
124,9770.00000,2020-02-06,9859.36035,9536.73047,BTC,9620.83008,
125,9612.95020,2020-02-05,9727.38965,9179.58984,BTC,9196.50000,
126,9197.24023,2020-02-04,9347.83008,9100.28027,BTC,9301.95020,
127,9295.08008,2020-02-03,9580.08008,9242.95020,BTC,9326.91016,
128,9326.75000,2020-02-02,9467.33984,9204.75000,BTC,9383.08008,
129,9387.71973,2020-02-01,9463.04004,9302.00000,BTC,9354.70996,
130,9352.79004,2020-01-31,9529.99023,9232.07031,BTC,9512.46973,
131,9513.29004,2020-01-30,9576.41016,9213.69043,BTC,9290.00000,
132,9300.54980,2020-01-29,9432.32031,9256.59961,BTC,9396.15039,
133,9367.04980,2020-01-28,9388.95020,8910.95020,BTC,8917.25000,
134,8907.58008,2020-01-27,9000.00000,8584.95996,BTC,8621.33008,
135,8612.54980,2020-01-26,8615.24023,8304.16016,BTC,8327.48047,
136,8340.00000,2020-01-25,8450.04980,8272.90039,BTC,8439.54004,
137,8437.48047,2020-01-24,8522.87988,8238.80957,BTC,8405.00000,
138,8409.83984,2020-01-23,8686.58008,8310.34961,BTC,8686.58008,
139,8682.11035,2020-01-22,8807.28027,8600.53027,BTC,8744.98047,
140,8733.33008,2020-01-21,8777.49023,8518.03027,BTC,8649.05957,
141,8641.83984,2020-01-20,8743.29980,8523.38965,BTC,8711.42969,
142,8701.55957,2020-01-19,9196.84961,8542.20020,BTC,8912.37012,
143,8919.34961,2020-01-18,8985.17969,8806.78027,BTC,8905.78027,
144,8912.58984,2020-01-17,9018.00000,8676.71973,BTC,8722.49023,
145,8731.99023,2020-01-16,8859.21973,8601.78027,BTC,8824.57031,
146,8829.16992,2020-01-15,8912.38965,8573.66992,BTC,8802.63965,
147,8840.00000,2020-01-14,8876.13965,8112.64014,BTC,8112.64014,
148,8107.75977,2020-01-13,8195.00977,8060.02002,BTC,8184.62988,
149,8182.41016,2020-01-12,8189.41992,7968.02979,BTC,8005.85010,
150,8020.00977,2020-01-11,8284.84961,8006.22998,BTC,8176.39014,
151,8194.87988,2020-01-10,8197.37012,7684.74023,BTC,7817.75977,
152,7822.22998,2020-01-09,8052.75977,7753.72998,BTC,8052.75977,
153,8049.77002,2020-01-08,8450.54980,7880.79980,BTC,8147.08984,
154,8158.56982,2020-01-07,8186.81006,7740.00000,BTC,7769.20996,
155,7757.18994,2020-01-06,7783.45996,7348.39014,BTC,7352.39014,
156,7357.16992,2020-01-05,7489.43994,7323.89014,BTC,7355.08008,
157,7351.87988,2020-01-04,7398.50977,7284.00000,BTC,7340.45996,
158,7335.56006,2020-01-03,7399.00000,6878.79980,BTC,6964.39990,
159,6962.74023,2020-01-02,7212.50000,6943.75977,BTC,7193.35010,
160,7200.56006,2020-01-01,7254.91992,7175.81006,BTC,7190.64014,
161,2488.64990,2020-04-03,2538.17993,2459.95996,SNP,2514.91992,6087190000
162,2526.89990,2020-04-02,2533.21997,2455.79004,SNP,2458.54004,6454990000
163,2470.50000,2020-04-01,2522.75000,2447.48999,SNP,2498.08008,5947900000
164,2584.59009,2020-03-31,2641.38989,2571.14990,SNP,2614.68994,6568290000
165,2626.64990,2020-03-30,2631.80005,2545.28003,SNP,2558.97998,5746220000
166,2541.46997,2020-03-27,2615.90991,2520.02002,SNP,2555.87012,6194330000
167,2630.07007,2020-03-26,2637.01001,2500.71997,SNP,2501.29004,7753160000
168,2475.56006,2020-03-25,2571.41992,2407.53003,SNP,2457.77002,8285670000
169,2447.33008,2020-03-24,2449.70996,2344.43994,SNP,2344.43994,7547350000
170,2237.39990,2020-03-23,2300.72998,2191.86011,SNP,2290.70996,7402180000
171,2304.91992,2020-03-20,2453.01001,2295.56006,SNP,2431.93994,9044690000
172,2409.38989,2020-03-19,2466.96997,2319.78003,SNP,2393.47998,7946710000
173,2398.10010,2020-03-18,2453.57007,2280.52002,SNP,2436.50000,8755780000
174,2529.18994,2020-03-17,2553.92993,2367.04004,SNP,2425.65991,8358500000
175,2386.12988,2020-03-16,2562.97998,2380.93994,SNP,2508.59009,7781540000
176,2711.02002,2020-03-13,2711.33008,2492.37012,SNP,2569.98999,8258670000
177,2480.63989,2020-03-12,2660.94995,2478.86011,SNP,2630.86011,8829380000
178,2741.37988,2020-03-11,2825.60010,2707.21997,SNP,2825.60010,7374110000
179,2882.22998,2020-03-10,2882.59009,2734.00000,SNP,2813.47998,7635960000
180,2746.56006,2020-03-09,2863.88989,2734.42993,SNP,2863.88989,8423050000
181,2972.37012,2020-03-06,2985.92993,2901.54004,SNP,2954.19995,6552140000
182,3023.93994,2020-03-05,3083.04004,2999.83008,SNP,3075.69995,5575550000
183,3130.12012,2020-03-04,3130.96997,3034.37988,SNP,3045.75000,5035480000
184,3003.37012,2020-03-03,3136.71997,2976.62988,SNP,3096.45996,6355940000
185,3090.22998,2020-03-02,3090.95996,2945.18994,SNP,2974.28003,6376400000
186,2954.21997,2020-02-28,2959.71997,2855.84009,SNP,2916.89990,8563850000
187,2978.76001,2020-02-27,3097.07007,2977.38989,SNP,3062.54004,7058840000
188,3116.38989,2020-02-26,3182.51001,3108.98999,SNP,3139.89990,5478110000
189,3128.20996,2020-02-25,3246.98999,3118.77002,SNP,3238.93994,5591510000
190,3225.88989,2020-02-24,3259.81006,3214.64990,SNP,3257.61011,4842960000
191,3337.75000,2020-02-21,3360.76001,3328.44995,SNP,3360.50000,3899270000
192,3373.22998,2020-02-20,3389.14990,3341.02002,SNP,3380.44995,4007320000
193,3386.14990,2020-02-19,3393.52002,3378.83008,SNP,3380.38989,3600150000
194,3370.29004,2020-02-18,3375.01001,3355.61011,SNP,3369.04004,3746720000
195,3380.15991,2020-02-14,3380.68994,3366.14990,SNP,3378.08008,3398040000
196,3373.93994,2020-02-13,3385.09009,3360.52002,SNP,3365.89990,3498240000
197,3379.44995,2020-02-12,3381.46997,3369.71997,SNP,3370.50000,3926380000
198,3357.75000,2020-02-11,3375.62988,3352.71997,SNP,3365.87012,3760550000
199,3352.09009,2020-02-10,3352.26001,3317.77002,SNP,3318.28003,3450350000
200,3327.70996,2020-02-07,3341.41992,3322.12012,SNP,3335.54004,3730650000
201,3345.78003,2020-02-06,3347.95996,3334.38989,SNP,3344.91992,3868370000
202,3334.68994,2020-02-05,3337.58008,3313.75000,SNP,3324.90991,4117730000
203,3297.59009,2020-02-04,3306.91992,3280.61011,SNP,3280.61011,3995320000
204,3248.91992,2020-02-03,3268.43994,3235.65991,SNP,3235.65991,3757910000
205,3225.52002,2020-01-31,3282.33008,3214.67993,SNP,3282.33008,4527830000
206,3283.65991,2020-01-30,3285.90991,3242.80005,SNP,3256.44995,3787250000
207,3273.39990,2020-01-29,3293.46997,3271.88989,SNP,3289.45996,3584500000
208,3276.23999,2020-01-28,3285.78003,3253.21997,SNP,3255.35010,3526720000
209,3243.62988,2020-01-27,3258.85010,3234.50000,SNP,3247.15991,3823100000
210,3295.46997,2020-01-24,3333.17993,3281.53003,SNP,3333.10010,3707130000
211,3325.54004,2020-01-23,3326.87988,3301.87012,SNP,3315.77002,3764860000
212,3321.75000,2020-01-22,3337.77002,3320.04004,SNP,3330.02002,3619850000
213,3320.79004,2020-01-21,3329.79004,3316.61011,SNP,3321.03003,4105340000
214,3329.62012,2020-01-17,3329.87988,3318.86011,SNP,3323.65991,3698170000
215,3316.81006,2020-01-16,3317.11011,3302.82007,SNP,3302.96997,3535080000
216,3289.29004,2020-01-15,3298.65991,3280.68994,SNP,3282.27002,3716840000
217,3283.14990,2020-01-14,3294.25000,3277.18994,SNP,3285.35010,3665130000
218,3288.12988,2020-01-13,3288.12988,3268.42993,SNP,3271.12988,3456380000
219,3265.35010,2020-01-10,3282.98999,3260.86011,SNP,3281.81006,3212970000
220,3274.69995,2020-01-09,3275.58008,3263.66992,SNP,3266.03003,3638390000
221,3253.05005,2020-01-08,3267.07007,3236.66992,SNP,3238.59009,3720890000
222,3237.17993,2020-01-07,3244.90991,3232.42993,SNP,3241.86011,3420380000
223,3246.28003,2020-01-06,3246.84009,3214.63989,SNP,3217.55005,3674070000
224,3234.85010,2020-01-03,3246.14990,3222.34009,SNP,3226.36011,3461290000
225,3257.85010,2020-01-02,3258.13989,3235.53003,SNP,3244.66992,3458250000
226,7373.08008,2020-04-03,7518.72021,7288.10986,IXIC,7477.27002,3279100000
227,7487.31006,2020-04-02,7501.70020,7307.95020,IXIC,7317.45020,3608190000
228,7360.58008,2020-04-01,7566.37012,7301.97998,IXIC,7459.50000,3685510000
229,7700.10010,2020-03-31,7880.31006,7642.85986,IXIC,7740.06006,4059700000
230,7774.14990,2020-03-30,7784.35010,7539.97021,IXIC,7583.45996,3846900000
231,7502.37988,2020-03-27,7716.24023,7491.14014,IXIC,7554.25000,3977010000
232,7797.54004,2020-03-26,7809.83008,7462.20996,IXIC,7462.20996,3999850000
233,7384.29980,2020-03-25,7671.20996,7276.39990,IXIC,7421.35986,4666440000
234,7417.85986,2020-03-24,7418.37012,7169.85986,IXIC,7196.14990,4417380000
235,6860.66992,2020-03-23,6984.93994,6631.41992,IXIC,6847.27979,4330610000
236,6879.52002,2020-03-20,7354.43994,6854.66992,IXIC,7248.06982,5239940000
237,7150.58008,2020-03-19,7341.37988,6858.37988,IXIC,6996.45020,4762170000
238,6989.83984,2020-03-18,7182.83008,6686.35986,IXIC,6902.31982,4890820000
239,7334.77979,2020-03-17,7406.22998,6828.91016,IXIC,7072.00000,4900000000
240,6904.58984,2020-03-16,7422.20020,6882.85986,IXIC,7392.72998,4594360000
241,7874.87988,2020-03-13,7875.93018,7219.08984,IXIC,7610.39014,4685890000
242,7201.79980,2020-03-12,7712.33008,7194.66992,IXIC,7398.58008,5066530000
243,7952.04980,2020-03-11,8181.35986,7850.95020,IXIC,8136.25000,4273890000
244,8344.25000,2020-03-10,8347.40039,7930.43018,IXIC,8219.75977,4431930000
245,7950.68018,2020-03-09,8243.30957,7943.16016,IXIC,7957.93018,4530350000
246,8575.62012,2020-03-06,8612.36035,8375.12988,IXIC,8469.01953,4279850000
247,8738.58984,2020-03-05,8921.08008,8677.38965,IXIC,8790.08984,3748090000
248,9018.08984,2020-03-04,9019.95996,8757.66016,IXIC,8834.09961,3602870000
249,8684.08984,2020-03-03,9070.32031,8602.88965,IXIC,8965.09961,4336700000
250,8952.16992,2020-03-02,8952.80957,8543.34961,IXIC,8667.13965,4232760000
251,8567.37012,2020-02-28,8591.82031,8264.16016,IXIC,8269.74023,5301170000
252,8566.48047,2020-02-27,8904.11035,8562.04980,IXIC,8744.03027,4536080000
253,8980.78027,2020-02-26,9148.32031,8927.79980,IXIC,9011.54980,3567830000
254,8965.61035,2020-02-25,9315.25977,8940.49023,IXIC,9301.20020,3583400000
255,9221.28027,2020-02-24,9322.87988,9166.00977,IXIC,9188.44043,3177000000
256,9576.58984,2020-02-21,9715.95020,9542.33008,IXIC,9708.00977,2743010000
257,9750.96973,2020-02-20,9820.86035,9636.94043,IXIC,9799.20020,2735610000
258,9817.17969,2020-02-19,9838.37012,9777.09961,IXIC,9782.80957,2462530000
259,9732.74023,2020-02-18,9747.67969,9675.79980,IXIC,9679.04004,2273460000
260,9731.17969,2020-02-14,9746.36035,9693.04980,IXIC,9728.90039,2222240000
261,9711.96973,2020-02-13,9748.32031,9650.01953,IXIC,9657.04004,2239270000
262,9725.95996,2020-02-12,9728.76953,9666.69043,IXIC,9688.59961,2355000000
263,9638.94043,2020-02-11,9714.74023,9617.20996,IXIC,9680.88965,2423670000
264,9628.38965,2020-02-10,9628.66016,9493.62988,IXIC,9493.62988,2179310000
265,9520.50977,2020-02-07,9570.08984,9496.53027,IXIC,9526.63965,2238670000
266,9572.15039,2020-02-06,9575.66016,9505.67969,IXIC,9540.98047,2267300000
267,9508.67969,2020-02-05,9574.94043,9454.92969,IXIC,9574.09961,2462470000
268,9467.96973,2020-02-04,9485.37988,9374.04980,IXIC,9398.38965,2445420000
269,9273.40039,2020-02-03,9299.84961,9188.54980,IXIC,9190.71973,2420510000
270,9150.94043,2020-01-31,9324.79980,9123.21973,IXIC,9324.33008,2685840000
271,9298.92969,2020-01-30,9303.00000,9185.17969,IXIC,9211.15039,2333500000
272,9275.16016,2020-01-29,9329.12012,9249.04004,IXIC,9318.25977,2223480000
273,9269.67969,2020-01-28,9288.87012,9182.33008,IXIC,9201.82031,2157830000
274,9139.30957,2020-01-27,9185.45020,9088.04004,IXIC,9092.45996,2583330000
275,9314.91016,2020-01-24,9451.42969,9273.23047,IXIC,9446.20996,2611710000
276,9402.48047,2020-01-23,9409.20020,9334.12988,IXIC,9377.71973,2460050000
277,9383.76953,2020-01-22,9439.29004,9375.12988,IXIC,9413.61035,2449390000
278,9370.80957,2020-01-21,9397.58008,9350.20020,IXIC,9361.07031,2684540000
279,9388.94043,2020-01-17,9393.48047,9346.80957,IXIC,9392.37012,2522670000
280,9357.12988,2020-01-16,9357.91992,9301.32031,IXIC,9313.45020,2301400000
281,9258.70020,2020-01-15,9298.82031,9231.13965,IXIC,9253.75977,2435650000
282,9251.33008,2020-01-14,9298.33008,9226.49023,IXIC,9270.61035,2542170000
283,9273.92969,2020-01-13,9274.49023,9193.05957,IXIC,9213.71973,2530270000
284,9178.86035,2020-01-10,9235.20020,9164.66016,IXIC,9232.95020,2378990000
285,9203.42969,2020-01-09,9215.95020,9158.50000,IXIC,9202.26953,2534700000
286,9129.24023,2020-01-08,9168.88965,9059.37988,IXIC,9068.03027,2464090000
287,9068.58008,2020-01-07,9091.92969,9042.54980,IXIC,9076.63965,2352850000
288,9071.46973,2020-01-06,9072.41016,8943.50000,IXIC,8943.50000,2788120000
289,9020.76953,2020-01-03,9065.75977,8976.42969,IXIC,8976.42969,2567400000
290,9092.19043,2020-01-02,9093.42969,9010.88965,IXIC,9039.45996,2848370000
291,46.80000,2020-04-03,52.29000,46.74000,VIX,51.11000,
292,50.91000,2020-04-02,57.24000,50.45000,VIX,54.46000,
293,57.06000,2020-04-01,60.59000,52.76000,VIX,57.38000,
294,53.54000,2020-03-31,58.75000,50.88000,VIX,56.69000,
295,57.08000,2020-03-30,67.69000,56.60000,VIX,66.30000,
296,65.54000,2020-03-27,69.10000,61.80000,VIX,64.95000,
297,61.00000,2020-03-26,67.06000,57.66000,VIX,65.67000,
298,63.95000,2020-03-25,68.86000,58.03000,VIX,61.44000,
299,61.67000,2020-03-24,61.88000,36.24000,VIX,58.76000,
300,61.59000,2020-03-23,76.74000,60.46000,VIX,74.08000,
301,66.04000,2020-03-20,69.51000,57.42000,VIX,67.86000,
302,72.00000,2020-03-19,84.26000,68.57000,VIX,80.62000,
303,76.45000,2020-03-18,85.47000,69.37000,VIX,69.37000,
304,75.91000,2020-03-17,84.83000,70.37000,VIX,82.69000,
305,82.69000,2020-03-16,83.56000,57.83000,VIX,57.83000,
306,57.83000,2020-03-13,77.57000,55.17000,VIX,65.07000,
307,75.47000,2020-03-12,76.83000,59.91000,VIX,61.46000,
308,53.90000,2020-03-11,55.82000,49.98000,VIX,52.24000,
309,47.30000,2020-03-10,55.66000,43.56000,VIX,49.68000,
310,54.46000,2020-03-09,62.12000,41.94000,VIX,41.94000,
311,41.94000,2020-03-06,54.39000,40.84000,VIX,48.93000,
312,39.62000,2020-03-05,42.84000,33.54000,VIX,33.61000,
313,31.99000,2020-03-04,35.58000,30.30000,VIX,34.44000,
314,36.82000,2020-03-03,41.06000,24.93000,VIX,33.65000,
315,33.42000,2020-03-02,40.41000,31.50000,VIX,38.54000,
316,40.11000,2020-02-28,49.48000,39.37000,VIX,42.02000,
317,39.16000,2020-02-27,39.31000,29.37000,VIX,32.14000,
318,27.56000,2020-02-26,29.57000,24.76000,VIX,26.63000,
319,27.85000,2020-02-25,30.25000,22.62000,VIX,23.28000,
320,25.03000,2020-02-24,26.35000,22.00000,VIX,22.25000,
321,17.08000,2020-02-21,18.21000,16.19000,VIX,17.33000,
322,15.56000,2020-02-20,17.21000,14.49000,VIX,14.54000,
323,14.38000,2020-02-19,14.74000,14.21000,VIX,14.66000,
324,14.83000,2020-02-18,15.49000,14.53000,VIX,14.98000,
325,13.68000,2020-02-14,14.54000,13.38000,VIX,14.12000,
326,14.15000,2020-02-13,15.44000,14.00000,VIX,14.43000,
327,13.74000,2020-02-12,14.88000,13.73000,VIX,14.86000,
328,15.18000,2020-02-11,15.27000,14.38000,VIX,14.91000,
329,15.04000,2020-02-10,16.43000,15.01000,VIX,15.88000,
330,15.47000,2020-02-07,16.16000,14.81000,VIX,15.07000,
331,14.96000,2020-02-06,15.66000,14.70000,VIX,15.13000,
332,15.15000,2020-02-05,16.32000,15.02000,VIX,16.29000,
333,16.05000,2020-02-04,16.46000,15.63000,VIX,16.45000,
334,17.97000,2020-02-03,18.88000,17.10000,VIX,18.64000,
335,18.84000,2020-01-31,19.99000,16.18000,VIX,16.25000,
336,15.49000,2020-01-30,18.39000,15.30000,VIX,17.82000,
337,16.39000,2020-01-29,16.65000,14.94000,VIX,15.68000,
338,16.28000,2020-01-28,18.03000,15.69000,VIX,16.94000,
339,18.23000,2020-01-27,19.02000,16.82000,VIX,17.42000,
340,14.56000,2020-01-24,15.98000,12.62000,VIX,12.75000,
341,12.98000,2020-01-23,14.15000,12.94000,VIX,13.26000,
342,12.91000,2020-01-22,13.01000,12.31000,VIX,12.45000,
343,12.85000,2020-01-21,13.33000,12.32000,VIX,13.23000,
344,12.10000,2020-01-17,12.48000,11.75000,VIX,12.21000,
345,12.32000,2020-01-16,12.42000,11.78000,VIX,12.20000,
346,12.42000,2020-01-15,12.83000,11.95000,VIX,12.79000,
347,12.39000,2020-01-14,13.82000,12.05000,VIX,12.72000,
348,12.32000,2020-01-13,13.09000,12.32000,VIX,12.84000,
349,12.56000,2020-01-10,12.87000,12.09000,VIX,12.42000,
350,12.54000,2020-01-09,13.24000,12.53000,VIX,12.95000,
351,13.45000,2020-01-08,15.24000,12.83000,VIX,15.16000,
352,13.79000,2020-01-07,14.46000,13.39000,VIX,13.84000,
353,13.85000,2020-01-06,16.39000,13.54000,VIX,15.45000,
354,14.02000,2020-01-03,16.20000,13.13000,VIX,15.01000,
355,12.47000,2020-01-02,13.72000,12.42000,VIX,13.46000,
